Word,Most Repeated Number,Occurrences
the,43,14
and,44,10
of,50,11
in,31,9
to,50,7
a,19,7
cars,5,5
car,19,3
by,17,4
for,39,6
as,31,4
with,30,4
was,15,6
are,43,4
The,4,3
is,8,3
on,35,4
first,15,4
from,6,4
vehicles,17,2
or,46,4
were,15,3
have,60,3
In,15,2
more,50,4
which,41,3
such,13,2
vehicle,6,2
that,17,2
production,50,3
an,4,2
Benz,15,9
his,15,7
be,41,3
include,6,4
fuel,51,6
built,17,3
other,4,1
been,60,3
use,49,3
engine,17,3
electric,35,4
at,24,4
also,64,2
they,17,2
than,35,3
had,48,3
Daimler,17,8
one,47,2
road,11,2
their,17,3
may,50,3
Ford,27,4
Cars,50,2
controls,40,5
combustion,13,3
benefits,6,4
about,51,2
line,24,3
some,34,2
transport,64,3
internal,13,3
fossil,51,3
costs,6,3
It,10,2
but,12,1
not,3,1
designed,46,2
US,61,2
air,5,1
early,5,2
has,6,1
used,13,2
world's,13,2
Maybach,17,7
patent,19,5
companies,32,4
so,29,2
all,38,2
brakes,38,3
can,41,2
automobile,4,2
systems,5,1
pollution,6,2
its,6,1
automotive,6,1
industry,6,1
steam,11,3
development,12,2
often,46,3
company,16,2
sold,15,3
between,51,3
France,15,3
petrol,50,2
these,64,2
assembly,24,3
cities,51,2
inventor,4,3
while,4,1
Motor,4,1
them,5,1
less,50,2
petrol-driven,5,1
before,32,2
most,5,1
China,63,2
now,8,1
Britain,21,3
like,32,2
two,46,2
many,11,1
engines,15,2
year,14,2
produced,16,2
up,17,1
there,21,1
only,30,3
could,30,2
per,31,2
countries,34,2
increased,44,2
lights,43,5
carbon,50,3
this,34,1
motor,3,1
Most,3,1
run,3,1
roads,3,1
French,11,2
steam-powered,11,2
became,4,1
world,16,2
after,17,2
part,12,2
driving,5,1
variety,5,1
2020s,5,1
public,6,1
end,35,2
largest,6,1
place,6,2
increasing,64,3
1895,8,2
limited,32,2
including,12,1
powered,13,2
each,13,1
Many,51,2
made,21,2
major,15,1
producing,32,2
years,16,1
new,17,1
diesel,50,2
designs,22,1
000,53,2
based,24,1
Ford's,25,2
would,32,2
safety,26,1
due,50,2
Some,34,1
power,41,2
consumption,44,2
A,3,1
people,3,2
de,13,3
Rivaz,13,3
modern,4,1
1886,15,2
when,4,1
German,14,2
during,4,1
American,4,1
rapidly,4,1
Europe,4,1
parts,30,2
developed,4,1
These,5,1
climate,5,2
change,5,1
100,5,1
There,6,2
individual,6,1
time,6,1
taxes,50,2
society,49,3
health,49,2
transportation,6,2
turn,43,2
Great,21,2
auto,9,3
driver,43,2
model,17,3
long,11,1
cars.,12,1
United,12,1
called,13,1
own,13,1
oil,13,1
hydrogen,57,2
design,13,1
others,13,1
who,13,1
Although,14,1
same,31,2
under,15,1
through,15,1
name,17,2
manufacturer,17,1
set,17,2
This,17,1
New,19,1
sales,20,1
very,22,1
over,23,1
result,32,2
instead,26,1
rapid,28,1
shared,30,3
example,30,1
cent,31,2
environmental,34,1
alternative,35,1
hybrid,35,2
million,62,2
growth,61,2
battery,38,1
typically,41,1
needed],50,2
average,51,3
four,3,1
practical,4,1
Carl,4,1
patented,4,1
available,4,1
20th,4,1
Model,4,1
where,4,1
horse-drawn,4,1
did,4,1
increase,4,1
parking,5,1
passenger,5,1
decades,5,1
features,5,2
added,5,1
making,5,1
cost,48,2
use.,6,1
maintenance,6,1
maintaining,6,1
noise,6,1
Traffic,6,1
cause,6,1
mobility,6,1
economic,6,1
travel,6,1
revenue,6,1
move,6,1
around,6,1
usage,6,1
English,7,2
both,7,1
attested,8,3
British,31,2
carry,46,2
if,10,1
he,11,1
created,11,1
His,11,1
vehicle.,11,1
century,12,1
against,12,1
led,12,1
it,13,2
International,14,1
several,14,1
granted,15,1
application,19,2
founded,15,1
began,15,1
3,15,1
1893,20,2
They,15,1
design.,15,1
already,15,1
open,15,1
During,16,1
because,16,1
1897,16,1
another,17,1
no,17,1
longer,17,1
small,17,1
market,17,1
Peugeot,18,3
six,18,1
Selden,19,3
16,19,1
Henry,19,1
Springfield,24,2
even,21,1
followed,63,2
came,21,1
As,25,1
off,25,1
using,25,1
Japan,25,1
worker,26,2
high,26,2
efficiency,26,2
Germany,27,1
European,27,1
manufacturers,28,1
For,30,1
into,57,2
must,34,1
emissions,50,2
energy,38,1
equipped,41,2
brake,39,1
light,41,1
multiple,41,1
electrical,41,2
types,43,1
way,43,1
indicate,43,3
will,51,2
weight,44,3
resulting,44,1
SUVs,44,2
tax,45,1
seats.,46,3
large,46,2
tests,47,3
urban,50,1
share,58,2
seat,3,1
Nicolas-Joseph,4,1
Cugnot,4,1
Swiss,4,1
François,4,1
Isaac,4,1
constructed,4,1
car—a,4,1
marketable,4,1
everyday,4,1
invented,4,1
widely,4,1
affordable,4,1
T,4,1
manufactured,4,1
adopted,4,1
replaced,4,1
automobiles,4,1
until,4,1
World,4,1
War,4,1
considered,4,1
comfort,5,1
Over,5,1
additional,5,1
complex.,5,1
conditioning,5,1
navigation,5,1
in-car,5,1
entertainment.,5,1
history,5,1
buy,5,1
mitigation,5,1
solutions,5,1
acquiring,6,1
repairs,6,1
depreciation,6,1
fees,6,1
congestion,6,1
disposing,6,1
collisions,6,1
injury-related,6,1
deaths,6,1
worldwide.[10],6,1
on-demand,6,1
independence,6,1
Societal,6,1
job,6,1
wealth,6,1
creation,6,1
provision,6,1
leisure,6,1
opportunities,6,1
generation,6,1
ability,6,1
flexibly,6,1
far-reaching,6,1
implications,6,1
nature,6,1
societies.[12],6,1
billion,6,1
Car,6,1
believed,7,1
Latin,7,1
wheeled,7,2
North,7,1
cart,7,2
referred,7,1
any,7,1
carriage,7,1
self-propelled,8,1
Automobile,9,2
compound,9,2
derived,9,1
Club,9,1
fell,9,1
unable,10,1
known,10,1
building,11,1
mechanical,11,1
He,11,1
inventions,11,1
water,11,1
demonstrated,11,1
maintain,11,1
little,11,1
19th,12,1
1807,13,2
what,13,1
develop,13,1
fuelled,13,1
mixture,13,2
Lycopodium,13,2
dust,13,1
successful,13,1
Samuel,13,2
November,14,1
three-wheeled,14,1
electricity,14,1
1879,15,1
Germany.,15,2
&,15,1
Cie.,15,1
1888,15,2
cheaper,15,1
Roger,15,2
trip,15,1
prove,15,1
1896,16,1
1899,16,1
1890,17,1
1892,17,1
brand,17,2
either,17,1
never,17,1
later,17,2
named,17,2
number,17,1
race,17,1
1902,17,1
DMG,17,2
completed,18,2
2,18,1
(1,18,1
Charles,18,1
running,20,1
Duryea,20,2
started,20,1
build,20,1
success,21,1
Thomas,21,1
having,21,1
Company,21,1
few,22,1
conventional,22,1
manufacturing,24,1
pioneered,24,2
mass,24,1
interchangeable,24,1
greatly,24,1
expanded,24,1
beginning,24,1
1913,24,1
much,25,1
previous,25,1
1,25,1
Only,25,1
black,25,1
location,26,1
allowing,26,1
combination,26,1
US.,26,1
forced,26,1
work,26,1
pace,26,1
worldwide,27,1
1923,27,1
Citroën,27,1
risk,27,1
1930,27,1
technology,28,1
developments,28,1
ignition,28,1
Cadillac,28,1
suspension,28,1
1920s,29,1
meet,29,1
needs,29,1
plans,29,1
established,29,1
different,29,1
makes,29,1
larger,30,1
resulted,30,1
lower,30,1
doors,30,1
windows,30,1
makers,30,2
afford,30,1
those,30,1
Morris,31,2
1924,31,2
soon,31,2
integration,31,1
buying,31,1
well,31,1
1925,31,2
Opel,31,2
numbers,32,1
Mitsubishi,32,2
Fiat,32,2
Toyota,32,2
become,32,1
sector,33,1
burnt,34,1
petrol-fuelled,34,2
late,34,1
ban,34,2
older,34,1
plan,34,1
However,34,1
groups,34,1
limit,34,1
greenhouse,35,1
includes,35,1
plug-in,35,2
speed,35,1
21st,36,1
wheel,37,1
almost,38,1
regenerative,38,2
braking,38,2
friction,38,2
disc,38,2
emergency,38,1
city,38,1
pedals,39,1
(and,39,1
clutch,39,1
cars',39,1
evolving,39,1
technologies,39,1
mobile,39,1
Another,40,2
physical,40,2
increasingly,40,1
earlier,41,2
portable,41,2
on-board,41,1
More,41,1
seats,41,1
fitted,43,2
illuminate,43,2
(e.g.,43,1
steel,44,1
Heavier,44,2
performance,44,1
pedestrian,45,1
materials,45,1
aluminium,45,1
charging,45,1
lighter,45,1
occupants,46,2
five,46,2
utility,46,2
cargo,46,2
space,46,1
alternatives,48,1
value,48,1
usage.,48,1
private,48,1
driven,50,1
expected,50,1
purchase,50,2
polluting,50,2
incentive,50,2
smaller,50,1
lifetime,51,1
2019,51,2
far,51,1
banned,51,2
intensive,52,1
popularity,52,1
Animals,53,2
habitat,53,2
50,53,1
wildlife,53,2
congested,54,1
personal,55,1
States,55,1
low-income,56,2
projects,60,2
sharing,61,1
consuming,64,2
Other,35,1
wheels.,3,1
definitions,3,1
state,3,1
primarily,3,1
eight,3,1
wheels,3,1
mainly,3,1
cargo.[1][2],3,1
1769,4,1
combustion-powered,4,1
1808.,4,1
use—was,4,1
Patent-Motorwagen.,4,1
Commercial,4,1
century.,4,1
One,4,1
masses,4,1
begun,4,1
1908,4,1
Company.,4,1
carriages.[3],4,1
demand,4,1
II.[4],4,1
essential,4,1
economy.,4,1
lamps.,5,1
progressively,5,1
rear-reversing,5,1
cameras,5,1
propelled,5,1
fueled,5,1
fuels.,5,1
Electric,5,1
commercially,5,1
2000s,5,1
predicted,5,1
2025.[5][6],5,1
transition,5,1
fuel-powered,5,1
prominently,5,1
scenarios,5,1
[7],5,1
Project,5,1
Drawdown's,5,1
actionable,5,1
change.[8],5,1
interest,6,1
payments,6,1
(if,6,1
financed),6,1
insurance.[9],6,1
land-use,6,1
life.,6,1
Personal,6,1
convenience.[11],6,1
societal,6,1
well-being,6,1
taxation.,6,1
People's,6,1
worldwide.,6,1
especially,6,1
India,6,1
newly,6,1
industrialized,6,1
countries.[13],6,1
word,7,1
originate,7,1
carrus/carrum,7,1
(via,7,1
Old,7,1
French),7,1
Middle,7,1
carre,7,1
two-wheeled,7,1
derive,7,1
Gaulish,7,1
karros,7,1
chariot.[14][15],7,1
originally,7,1
wagon.[16][17],7,1
usual,8,1
formal,8,1
term,8,1
English.[2],8,1
Autocar,8,1
variant,8,1
likewise,8,1
literally,8,1
meaning,8,1
archaic.[18],8,1
Horseless,8,1
1895.[19],8,1
classical,9,1
Ancient,9,1
Greek,9,1
autós,9,1
(αὐτός),9,1
self,9,1
mobilis,9,1
movable,9,1
entered,9,1
1897.[20],9,1
out,9,1
favour,9,1
chiefly,9,1
America,9,1
[21],9,1
abbreviated,9,1
form,9,1
commonly,9,1
appears,9,1
adjective,9,1
formations,9,1
mechanic.[22][23],9,1
Ferdinand,10,1
Verbiest,10,1
Flemish,10,1
member,10,1
Jesuit,10,1
mission,10,1
1672.,10,1
65-centimetre-long,10,1
(26,10,1
in),10,1
scale-model,10,1
toy,10,1
Kangxi,10,1
Emperor,10,1
passenger.[11][26][27],10,1
certainty,10,1
Verbiest's,10,1
successfully,10,1
run.[27],10,1
credited,11,1
full-scale,11,1
1769;,11,1
tricycle.[28],11,1
tractors,11,1
Army,11,1
preserved,11,1
National,11,1
Conservatory,11,1
Arts,11,1
Crafts.[28],11,1
problems,11,1
supply,11,1
pressure.[28],11,1
1801,11,1
Richard,11,1
Trevithick,11,1
Puffing,11,1
Devil,11,1
locomotive,11,1
demonstration,11,1
sufficient,11,1
pressure,11,1
periods,11,1
external,12,1
(steam),12,1
detailed,12,1
treated,12,1
separately,12,1
true,12,1
buses,12,1
phaetons,12,1
rollers.,12,1
Kingdom,12,1
sentiment,12,1
Locomotive,12,1
Acts,12,1
1865.,12,1
Nicéphore,13,1
Niépce,13,1
brother,13,1
Claude,13,1
probably,13,1
(which,13,1
Pyréolophore),13,1
installed,13,1
boat,13,1
river,13,1
Saone,13,1
France.[29],13,1
Coincidentally,13,1
engine.,13,1
Niépces',13,1
Pyréolophore,13,1
powder,13,1
(dried,13,1
spores,13,1
plant),13,1
finely,13,1
crushed,13,1
coal,13,1
resin,13,1
mixed,13,1
whereas,13,1
oxygen.[29],13,1
Neither,13,1
case,13,1
Brown,13,1
Morey,13,1
Etienne,13,1
Lenoir,13,1
[30],13,1
(usually,13,1
adapted,13,1
carriages,13,1
carts),13,1
engines.[31],13,1
1881,14,1
Gustave,14,1
Trouvé,14,1
Exposition,14,1
Electricity.[32],14,1
engineers,14,1
(including,14,1
Gottlieb,14,1
Wilhelm,14,1
Siegfried,14,1
Marcus),14,1
working,14,1
regarded,14,1
birth,14,1
use—when,14,1
Patent-Motorwagen;,14,1
generally,14,1
acknowledged,14,1
car.[31][33][34],14,1
1878.,15,1
feasible,15,1
powering,15,1
Motorwagen,15,1
1885,15,1
Mannheim,15,1
awarded,15,1
invention,15,1
29,15,1
January,15,1
(under,15,1
auspices,15,1
1883).,15,1
promotion,15,1
July,15,1
25,15,1
four-wheeler,15,1
introduced,15,1
along,15,1
model.,15,1
four-stroke,15,1
Emile,15,1
license,15,1
products.,15,1
Because,15,1
initially,15,1
August,15,1
Bertha,15,1
wife,15,1
undertook,15,1
road-worthiness,15,1
her,15,1
husband's,15,1
invention.,15,1
internal-combustion,16,1
flat,16,1
boxermotor.,16,1
last,16,1
572,16,1
units,16,1
size,16,1
joint-stock,16,1
company.,16,1
central,16,1
factory-made,16,1
Czech,16,1
Nesselsdorfer,16,1
Wagenbau,16,1
(later,16,1
renamed,16,1
Tatra),16,1
Präsident,16,1
automobil.,16,1
Motoren,17,1
Gesellschaft,17,1
(DMG),17,1
Cannstatt,17,1
Daimler.,17,1
stagecoach,17,1
retrofitted,17,1
By,17,1
30,17,1
works,17,1
Hotel,17,1
Hermann,17,1
shop,17,1
disputes,17,1
backers.,17,1
team,17,1
seem,17,1
unaware,17,1
other's,17,1
work.,17,1
worked,17,1
together;,17,1
merger,17,1
DMG.,17,1
died,17,1
1900,17,1
Daimler-Mercedes,17,1
placed,17,1
specially,17,1
ordered,17,1
specifications,17,1
Emil,17,1
Jellinek.,17,1
Jellinek,17,1
country.,17,1
Two,17,1
Mercedes,17,1
generated,17,1
35,17,1
hp.,17,1
quit,17,1
shortly,17,1
thereafter,17,1
opened,17,1
business,17,1
own.,17,1
Rights,17,1
manufacturers.,17,1
Émile,18,1
Levassor,18,1
Armand,18,1
laid,18,1
foundation,18,1
France.,18,1
1891,18,1
Auguste,18,1
Doriot,18,1
colleague,18,1
Louis,18,1
Rigoulot,18,1
longest,18,1
self-designed,18,1
Type,18,1
kilometres,18,1
300,18,1
mi),18,1
Valentigney,18,1
Paris,18,1
Brest,18,1
back,18,1
again.,18,1
attached,18,1
Paris–Brest–Paris,18,1
bicycle,18,1
finished,18,1
days,18,1
winning,18,1
cyclist,18,1
Terront.,18,1
1877,19,1
George,19,1
Rochester,19,1
York.,19,1
applied,19,1
expired,19,1
built.,19,1
After,19,1
delay,19,1
series,19,1
attachments,19,1
5,19,1
(U.S.,19,1
549,19,1
160),19,1
two-stroke,19,1
hindered,19,1
encouraged,19,1
States.,19,1
challenged,19,1
overturned,19,1
1911.,19,1
road-tested,20,1
brothers,20,1
Massachusetts.,20,1
Wagon,20,1
took,20,1
21,20,1
September,20,1
Taylor,20,1
Street,20,1
Metro,20,1
Center,20,1
Springfield.[35][36],20,1
Studebaker,20,1
subsidiary,20,1
long-established,20,1
wagon,20,1
coach,20,1
1897[37]:,20,1
66,20,1
commenced,20,1
1904.[38],20,1
attempts,21,1
varying,21,1
degrees,21,1
Rickett,21,1
attempting,21,1
1860.[39],21,1
Santler,21,1
Malvern,21,1
recognized,21,1
Veteran,21,1
country,21,1
1894,21,1
[40],21,1
Frederick,21,1
William,21,1
Lanchester,21,1
one-offs.[40],21,1
Harry,21,1
J.,21,1
Lawson,21,1
purchasing,21,1
right,21,1
engines.,21,1
Lawson's,21,1
bore,21,1
Daimler.[40],21,1
engineer,22,1
Rudolf,22,1
Diesel,22,1
Rational,22,1
Combustion,22,1
Engine.,22,1
engine.[31],22,1
Steam-,22,1
electric-,22,1
competed,22,1
achieving,22,1
dominance,22,1
1910s.,22,1
various,22,1
pistonless,22,1
rotary,22,1
attempted,22,1
compete,22,1
piston,22,1
crankshaft,22,1
Mazda's,22,1
version,22,1
Wankel,22,1
success.,22,1
All,23,1
estimated,23,1
patents,23,1
motorcycle.[41],23,1
Large-scale,24,1
production-line,24,1
Ransom,24,1
Olds,24,1
1901,24,1
Oldsmobile,24,1
factory,24,1
Lansing,24,1
Michigan,24,1
upon,24,1
stationary,24,1
techniques,24,1
Marc,24,1
Isambard,24,1
Brunel,24,1
Portsmouth,24,1
Block,24,1
Mills,24,1
England,24,1
1802.,24,1
style,24,1
Blanchard,24,1
1821,24,1
Armory,24,1
Massachusetts.[42],24,1
concept,24,1
moving,24,1
Highland,24,1
Park,24,1
Plant.,24,1
15-minute,25,1
intervals,25,1
faster,25,1
methods,25,1
productivity,25,1
eightfold,25,1
manpower,25,1
(from,25,1
12.5,25,1
manhours,25,1
hour,25,1
33,25,1
minutes).[43],25,1
paint,25,1
bottleneck.,25,1
dry,25,1
fast,25,1
enough,25,1
forcing,25,1
drop,25,1
colours,25,1
fast-drying,25,1
Duco,25,1
lacquer,25,1
1926.,25,1
source,25,1
apocryphal,25,1
remark,25,1
color,25,1
it's,25,1
black.[43],25,1
1914,25,1
months',25,1
pay.[43],25,1
complex,26,1
procedures—especially,26,1
assigning,26,1
specific,26,1
roam,26,1
about—dramatically,26,1
reduced,26,1
rate,26,1
injury.[44],26,1
wages,26,1
Fordism,26,1
copied,26,1
industries.,26,1
gains,26,1
coincided,26,1
rise,26,1
workers,26,1
certain,26,1
repetitive,26,1
motions,26,1
output,26,1
productive,26,1
methods.,26,1
dominating,27,1
quickly,27,1
spread,27,1
seeing,27,1
founding,27,1
1911,27,1
Denmark,27,1
1925;,27,1
1921,27,1
native,27,1
adopt,27,1
method.,27,1
Soon,27,1
lines,27,1
going,27,1
broke;,27,1
250,27,1
disappeared.[43],27,1
Development,28,1
hundreds,28,1
competing,28,1
gain,28,1
attention.,28,1
Key,28,1
included,28,1
self-starter,28,1
(both,28,1
Kettering,28,1
1910–1911),28,1
independent,28,1
four-wheel,28,1
brakes.,28,1
Since,29,1
nearly,29,1
mass-produced,29,1
marketing,29,1
heavily,29,1
influenced,29,1
Alfred,29,1
P.,29,1
Sloan,29,1
idea,29,1
General,29,1
Motors,29,1
Companion,29,1
Make,29,1
Program,29,1
buyers,29,1
fortunes,29,1
improved.,29,1
Reflecting,30,1
volume,30,1
price,30,1
range.,30,1
1930s,30,1
LaSalles,30,1
Oldsmobile;,30,1
1950s,30,1
Chevrolet,30,1
bonnet,30,1
roof,30,1
Pontiac;,30,1
1990s,30,1
corporate,30,1
powertrains,30,1
platforms,30,1
(with,30,1
parts),30,1
common.,30,1
Even,30,1
Apperson,30,1
Cole,30,1
Dorris,30,1
Haynes,30,1
Premier,30,1
manage:,30,1
hundred,30,1
existence,30,1
1920,30,1
43,30,1
survived,30,1
Depression,30,1
1940,30,1
17,30,1
left.[43],30,1
happen.,31,1
Cowley,31,1
outsold,31,1
follow,31,1
practice,31,1
vertical,31,1
Hotchkiss,31,1
(engines),31,1
Wrigley,31,1
(gearboxes),31,1
Osberton,31,1
(radiators),31,1
instance,31,1
competitors,31,1
Wolseley:,31,1
41,31,1
total,31,1
production.,31,1
small-car,31,1
assemblers,31,1
Abbey,31,1
Xtra,31,1
gone,31,1
under.,31,1
coming,31,1
1919;,31,1
cheap,31,1
reply,31,1
Renault's,31,1
10CV,31,1
Peugeot's,31,1
5CV,31,1
550,31,1
Mors,31,1
Hurtu,31,1
compete.[43],31,1
Germany's,31,1
mass-manufactured,31,1
4PS,31,1
Laubfrosch,31,1
(Tree,31,1
Frog),31,1
Rüsselsheim,31,1
top,31,1
builder,31,1
37.5,31,1
market.[43],31,1
II.,32,1
handful,32,1
commercial,32,1
uses,32,1
Daihatsu,32,1
partnering,32,1
Isuzu,32,1
Wolseley,32,1
A-9,32,1
1922.,32,1
partnered,32,1
Nissan,32,1
Suzuki,32,1
Mazda,32,1
Honda,32,1
non-automotive,32,1
products,32,1
war,32,1
switching,32,1
1950s.,32,1
Kiichiro,32,1
Toyoda's,32,1
decision,32,1
take,32,1
Toyoda,32,1
Loom,32,1
Works,32,1
create,32,1
eventually,32,1
Corporation,32,1
world.,32,1
Subaru,32,1
meanwhile,32,1
formed,32,1
conglomerate,32,1
banded,32,1
together,32,1
Fuji,32,1
Heavy,32,1
Industries,32,1
broken,32,1
keiretsu,32,1
legislation.,32,1
contributor,33,1
change.[46],33,1
(ICE).,34,1
Organization,34,1
Vehicle,34,1
Manufacturers,34,1
says,34,1
mandate,34,1
low,34,1
sulphur,34,1
spirit,34,1
2010s,34,1
standards,34,1
(such,34,1
Euro-6),34,1
emit,34,1
local,34,1
pollution.[47][48],34,1
future.,34,1
say,34,1
phase-out,34,1
brought,34,1
forwards,34,1
change.,34,1
Production,34,1
peaked,34,1
2017.[49][50],34,1
hydrocarbon,35,1
fuels,35,1
deflagration,35,1
(rather,35,1
detonation),35,1
ICE,35,1
autogas,35,1
CNG.,35,1
Removal,35,1
subsidies,35,1
[51][52],35,1
concerns,35,1
dependence,35,1
tightening,35,1
laws,35,1
restrictions,35,1
gas,35,1
propelling,35,1
vehicles.,35,1
Out,35,1
2021,35,1
nine,35,1
roads.[53],35,1
Despite,35,1
fully,35,1
2021.[53],35,1
racing,35,1
records,35,1
sometimes,35,1
employed,35,1
jet,35,1
rocket,35,1
impractical,35,1
common,35,1
Oil,36,1
centuries,36,1
cars;,36,1
1980s,36,1
glut,36,1
low-economy,36,1
OECD,36,1
countries.,36,1
BRIC,36,1
adding,36,1
consumption.,36,1
2023[update],37,1
hub,37,1
motors.[54][55],37,1
(even,38,1
mild,38,1
hybrid),38,1
pure,38,1
recovers,38,1
returns,38,1
otherwise,38,1
wasted,38,1
getting,38,1
hot.[56],38,1
(front,38,1
drum,38,1
rear,38,1
brakes[57]),38,1
stops,38,1
improves,38,1
particularly,38,1
driving.[58],38,1
normally,39,1
operated,39,1
feet,39,1
hands,39,1
occasionally,39,1
voice,39,1
21st-century,39,1
steering,39,1
operating,39,1
controlling,39,1
car's,39,1
manual,39,1
transmission,39,1
pedal),39,1
shift,39,1
lever,39,1
stick,39,1
changing,39,1
gears,39,1
buttons,39,1
dials,39,1
turning,39,1
ventilation,39,1
functions.,39,1
Modern,39,1
standardized,39,1
accelerator,39,1
always,39,1
case.,39,1
Controls,39,1
response,39,1
communications.,39,1
original,40,1
required.,40,1
once,40,1
choke,40,1
valve,40,1
timing,40,1
crank,40,1
starter.,40,1
trend,40,1
replacement,40,1
knobs,40,1
switches,40,1
secondary,40,1
touchscreen,40,1
BMW's,40,1
iDrive,40,1
MyFord,40,1
Touch.,40,1
physically,40,1
linked,40,1
mechanism,40,1
throttle,40,1
linkages,40,1
electronic,40,1
controls.,40,1
interior,41,1
lighting,41,1
toggled,41,1
manually,41,1
automatically,41,1
entertainment,41,1
system,41,1
originated,41,1
radios,41,1
sideways,41,1
lowered,41,1
raised,41,1
electrically,41,1
(manually,41,1
cars),41,1
auxiliary,41,1
outlets,41,1
supplying,41,1
appliances,41,1
phones,41,1
fridges,41,1
inverters,41,1
pumps,41,1
system.[59][60][a],41,1
costly,41,1
upper-class,41,1
luxury,41,1
massage,41,1
collision,41,1
avoidance,41,1
systems.[61][62],41,1
Dedicated,42,1
fuses,42,1
circuit,42,1
breakers,42,1
prevent,42,1
damage,42,1
overload.,42,1
lights.,43,1
headlights,43,1
ahead,43,1
make,43,1
visible,43,1
users,43,1
night;,43,1
jurisdictions,43,1
daytime,43,1
lights;,43,1
red,43,1
applied;,43,1
amber,43,1
signal,43,1
intentions,43,1
driver;,43,1
white-coloured,43,1
reverse,43,1
area,43,1
behind,43,1
reversing);,43,1
side,43,1
marker,43,1
lights),43,1
visibility,43,1
car.,43,1
Interior,43,1
ceiling,43,1
usually,43,1
passengers.,43,1
boot,43,1
rarely,43,1
compartment,43,1
light.,43,1
batteries,44,1
[64],44,1
cages,44,1
anti-lock,44,1
airbags,44,1
more-powerful—if,44,1
efficient—engines[65],44,1
2019[update],44,1
weigh,44,1
tonnes,44,1
(1.1,44,1
3.3,44,1
short,44,1
tons;,44,1
0.98,44,1
2.95,44,1
tons).[66],44,1
safer,44,1
crash,44,1
perspective,44,1
dangerous,44,1
users.[65],44,1
influences,44,1
decreased,44,1
performance.,44,1
Wuling,44,1
Hongguang,44,1
Mini,44,1
EV,44,1
typical,44,1
weighs,44,1
700,44,1
kilograms,44,1
500,44,1
lb).,44,1
extended-length,44,1
Suburban.,44,1
wider.[67],44,1
places,45,1
heavier,45,1
more:[68],45,1
improving,45,1
encourage,45,1
recycled,45,1
steel.[69],45,1
suggested,45,1
benefit,45,1
subsidizing,45,1
infrastructure,45,1
batteries.[70],45,1
passengers,46,1
front,46,1
three,46,1
rear.,46,1
Full-size,46,1
sport,46,1
seven,46,1
depending,46,1
arrangement,46,1
On,46,1
hand,46,1
sports,46,1
Utility,46,1
pickup,46,1
trucks,46,1
combine,46,1
seating,46,1
extra,46,1
functionality.,46,1
differing,46,1
capacity,46,1
luggage,46,1
availability,46,1
body,46,1
styles,46,1
consumer,46,1
requirements,46,1
among,46,1
sedan/saloon,46,1
hatchback,46,1
station,46,1
wagon/estate,46,1
coupe,46,1
minivan.,46,1
Mary,47,1
Ward,47,1
documented,47,1
fatalities,47,1
1869,47,1
Parsonstown,47,1
Ireland,47,1
[71],47,1
Bliss,47,1
US's,47,1
casualties,47,1
York,47,1
City.[72],47,1
standard,47,1
Euro,47,1
NCAP,47,1
[73],47,1
insurance-industry-backed,47,1
Insurance,47,1
Institute,47,1
Highway,47,1
Safety,47,1
(IIHS).[74],47,1
of:,48,1
insurance,48,1
[9],48,1
weighed,48,1
benefits—perceived,48,1
real—of,48,1
convenience,48,1
[11],48,1
power.[76],48,1
benefit:,48,1
[c]ouples,48,1
finally,48,1
head,48,1
unchaperoned,48,1
dates,48,1
plus,48,1
snuggle,48,1
close,48,1
night.[77],48,1
Similarly,49,1
include;,49,1
land,49,1
care,49,1
life;,49,1
balanced,49,1
generates.,49,1
include:,49,1
economy,49,1
wellbeing,49,1
opportunities.,49,1
humans,49,1
[80],50,1
tyres,50,1
wear,50,1
[81],50,1
although,50,1
emission,50,1
standards.[82],50,1
While,50,1
ways,50,1
rely,50,1
consume,50,1
quarter,50,1
2019[update].[49],50,1
Both,50,1
pollute,50,1
cars.[83],50,1
vans,50,1
caused,50,1
8%,50,1
direct,50,1
dioxide,50,1
2021.[84],50,1
2021[update],50,1
gases,50,1
emitted,50,1
tens,50,1
thousands,50,1
kilometers,50,1
lifecycle,50,1
cars;[85][86],50,1
however,50,1
varies,50,1
considerably[87],50,1
improve,50,1
future,50,1
lasting,50,1
batteries[88],50,1
factories.[89],50,1
governments,50,1
fiscal,50,1
policies,50,1
discourage,50,1
cars;[90],50,1
doing,50,1
low-emission,50,1
zones.[91],50,1
Fuel,50,1
act,50,1
efficient,50,1
hence,50,1
vehicles),50,1
fuels.[citation,50,1
High,50,1
cultural,50,1
provide,50,1
strong,50,1
consumers,50,1
fuel-efficient,50,1
[citation,50,1
drive.[91],50,1
millionkm,51,1
(1.2,51,1
millionmiles),51,1
lot.[92],51,1
According,51,1
Energy,51,1
Agency,51,1
rated,51,1
light-duty,51,1
0.9%,51,1
2017,51,1
1.8%,51,1
annual,51,1
reduction,51,1
2010,51,1
2015.,51,1
Given,51,1
slow,51,1
progress,51,1
date,51,1
IEA,51,1
estimates,51,1
decrease,51,1
4.3%,51,1
2030.[93],51,1
bad,51,1
economy.[49],51,1
Amsterdam,51,1
2030.[94],51,1
Chinese,51,1
licensing,51,1
[95],51,1
stop,51,1
selling,51,1
2025,51,1
2050.[96],51,1
manufacture,52,1
resource,52,1
report,52,1
factories,52,1
waste,52,1
consumption.[97],52,1
Manufacturing,52,1
kWh,52,1
emits,52,1
similar,52,1
amount,52,1
burning,52,1
full,52,1
tank,52,1
petrol.[98],52,1
allowed,52,1
sprawl,52,1
therefore,52,1
encouraging,52,1
inactivity,52,1
obesity,52,1
lead,52,1
diseases.[99],52,1
plants,53,1
negatively,53,1
affected,53,1
via,53,1
destruction,53,1
pollution.,53,1
loss,53,1
potential,53,1
square,53,1
metres,53,1
(540,53,1
sq,53,1
ft),53,1
primary,53,1
correlations.[100][clarification,53,1
killed,53,1
every,53,1
roadkill.,53,1
recent,53,1
significant,53,1
green,53,1
bridges,53,1
(designed,53,1
allow,53,1
crossings),53,1
creating,53,1
corridors.,53,1
Growth,54,1
commuting,54,1
traffic,54,1
congestion.[101],54,1
Moscow,54,1
Istanbul,54,1
Bogotá,54,1
Mexico,54,1
City,54,1
São,54,1
Paulo,54,1
2018,54,1
according,54,1
INRIX,54,1
data,54,1
analytics,54,1
company.[102],54,1
Mass,55,1
extensive,55,1
territories,55,1
Australia,55,1
Argentina,55,1
vastly,55,1
group,55,1
suburban,55,1
exurban,55,1
rural,55,1
areas.[citation,55,1
divide,56,1
dependency,56,1
domination,56,1
car-based,56,1
presents,56,1
barriers,56,1
employment,56,1
neighbourhoods,56,1
[103],56,1
individuals,56,1
families,56,1
cannot,56,1
order,56,1
income.[104],56,1
Dependency,56,1
African,56,1
Americans,56,1
exposure,56,1
hazards,56,1
racial,56,1
discrimination,56,1
related,56,1
financing,56,1
insuring,56,1
them.[105],56,1
continuing,57,1
[106],57,1
propulsion,57,1
wireless,57,1
[107],57,1
[108],57,1
hydrogen/electric,57,1
hybrids.[109],57,1
Research,57,1
forms,57,1
ammonia,57,1
cells.[110],57,1
replace,58,1
bodies,58,1
[111],58,1
fiberglass,58,1
fiber,58,1
biocomposites,58,1
nanotubes.[112],58,1
Telematics,58,1
pay-as-you-go,58,1
basis,58,1
carpool,58,1
schemes.,58,1
Communication,58,1
connected,58,1
systems.[113],58,1
Fully,59,1
autonomous,59,1
driverless,59,1
exist,59,1
robotaxis[114][115],59,1
go,59,1
general,59,1
use.[116],59,1
aiming,60,1
principles,60,1
approach,60,1
designing,60,1
machinery,60,1
publicly,60,1
without,60,1
monetary,60,1
compensation.,60,1
None,60,1
succeeded,60,1
developing,60,1
whole,60,1
hardware,60,1
software,60,1
ready,60,1
open-source,60,1
introduced.,60,1
hacking,60,1
diagnostics,60,1
(OBD),60,1
done,60,1
far.[117],60,1
Car-share,61,1
arrangements,61,1
carpooling,61,1
popular,61,1
Europe.[118],61,1
car-sharing,61,1
services,61,1
experienced,61,1
double-digit,61,1
membership,61,1
2006,61,1
2007.,61,1
Services,61,1
offer,61,1
residents,61,1
rather,61,1
neighbourhoods.[119],61,1
develops,62,1
manufactures,62,1
markets,62,1
sells,62,1
three-quarters,62,1
2020,62,1
56,62,1
[120],62,1
down,62,1
67,62,1
year.[121],62,1
produces,63,1
(20,63,1
2020),63,1
(seven,63,1
million),63,1
then,63,1
South,63,1
Korea,63,1
India.[122],63,1
Around,64,1
road;[123],64,1
burn,64,1
trillion,64,1
litres,64,1
(0.26×10^12,64,1
gal;,64,1
0.22×10^12,64,1
imp,64,1
gal),64,1
yearly,64,1
exajoules,64,1
(14,64,1
TWh),64,1
energy.[124],64,1
India.[13],64,1
opinion,64,1
proved,64,1
unsustainable,64,1
excessive,64,1
affecting,64,1
populations,64,1
delivering,64,1
declining,64,1
level,64,1
service,64,1
despite,64,1
investment.,64,1
negative,64,1
effects,64,1
fall,64,1
disproportionately,64,1
social,64,1
least,64,1
likely,64,1
drive,64,1
cars.[125][126],64,1
sustainable,64,1
movement,64,1
focuses,64,1
problems.,64,1
facing,64,1
competition,64,1
re-evaluate,64,1
Established,65,1
aspects,65,1
busses,65,1
trolleybusses,65,1
trains,65,1
subways,65,1
tramways,65,1
rail,65,1
cycling,65,1
walking.,65,1
Bicycle,65,1
Copenhagen,65,1
Amsterdam.,65,1
Similar,65,1
programs,65,1
cities.[127][128],65,1
Additional,65,1
modes,65,1
transit,65,1
serve,65,1
socially,65,1
accepted.[129],65,1
study,65,1
checked,65,1
introducing,65,1
Low,65,1
Neighbourhood,65,1
London,65,1
found,65,1
overpass,65,1
approximately,65,1
times,65,1
20,65,1
difference,65,1
growing,65,1
time.[130],65,1
General:,66,1
Effects:,68,1
Mitigation:,70,1
reasons,72,1
message,72,1
displayed:,72,1
Paragraphs,1,1
